{"cameraMode":{"drawMode":0,"name":"Shaded","section":"Shading Mode"},"sceneLighting":true,"audioPlay":false,"sceneViewState":{"showFog":true,"showMaterialUpdate":false,"showSkybox":true,"showFlares":true,"showImageEffects":true,"showParticleSystems":true},"in2DMode":false,"pivot":{"x":459.8758239746094,"y":817.1102294921875,"z":736.676513671875},"rotation":{"x":0.005690400023013353,"y":0.0020970520563423635,"z":0.000011878896657435689,"w":-0.9999816417694092},"size":3509.6162109375,"orthographic":false}